<application>
  <component name="FileTypeManager" version="19">
    <extensionMap>
      <mapping ext="jks" type="AUTO_DETECTED" />
      <mapping ext="main.kts" type="Kotlin" />
      <mapping ext="gradle.kts" type="Kotlin" />
      <mapping ext="space.kts" type="Kotlin" />
      <mapping pattern=".DBReplicationSpec_LOCAL_43399.scala.swp" type="PLAIN_TEXT" />
      <mapping ext="gotmpl" type="PLAIN_TEXT" />
      <mapping ext="bck" type="PLAIN_TEXT" />
    </extensionMap>
  </component>
</application>