<application>
  <component name="ScalafmtDynamicService">
    <option name="resolvedVersions">
      <map>
        <entry key="2.3.2">
          <value>
            <array>
              <option value="file:$USER_HOME$/.ivy2/cache/org.scalameta/scalafmt-cli_2.12/jars/scalafmt-cli_2.12-2.3.2.jar" />
              <option value="file:$USER_HOME$/.ivy2/cache/org.scala-lang/scala-library/jars/scala-library-2.12.8.jar" />
              <option value="file:$USER_HOME$/.ivy2/cache/org.scalameta/scalafmt-core_2.12/jars/scalafmt-core_2.12-2.3.2.jar" />
              <option value="file:$USER_HOME$/.ivy2/cache/com.geirsson/metaconfig-core_2.12/jars/metaconfig-core_2.12-0.9.4.jar" />
              <option value="file:$USER_HOME$/.ivy2/cache/org.typelevel/paiges-core_2.12/jars/paiges-core_2.12-0.2.4.jar" />
              <option value="file:$USER_HOME$/.ivy2/cache/org.scala-lang.modules/scala-collection-compat_2.12/bundles/scala-collection-compat_2.12-2.1.2.jar" />
              <option value="file:$USER_HOME$/.ivy2/cache/com.lihaoyi/pprint_2.12/jars/pprint_2.12-0.5.3.jar" />
              <option value="file:$USER_HOME$/.ivy2/cache/com.lihaoyi/fansi_2.12/jars/fansi_2.12-0.2.5.jar" />
              <option value="file:$USER_HOME$/.ivy2/cache/org.scalameta/scalameta_2.12/jars/scalameta_2.12-4.3.0.jar" />
              <option value="file:$USER_HOME$/.ivy2/cache/org.scalameta/parsers_2.12/jars/parsers_2.12-4.3.0.jar" />
              <option value="file:$USER_HOME$/.ivy2/cache/org.scalameta/trees_2.12/jars/trees_2.12-4.3.0.jar" />
              <option value="file:$USER_HOME$/.ivy2/cache/org.scalameta/common_2.12/jars/common_2.12-4.3.0.jar" />
              <option value="file:$USER_HOME$/.ivy2/cache/com.lihaoyi/sourcecode_2.12/bundles/sourcecode_2.12-0.1.7.jar" />
              <option value="file:$USER_HOME$/.ivy2/cache/org.scalameta/fastparse_2.12/jars/fastparse_2.12-1.0.1.jar" />
              <option value="file:$USER_HOME$/.ivy2/cache/org.scalameta/fastparse-utils_2.12/jars/fastparse-utils_2.12-1.0.1.jar" />
              <option value="file:$USER_HOME$/.ivy2/cache/org.scala-lang/scalap/jars/scalap-2.12.10.jar" />
              <option value="file:$USER_HOME$/.ivy2/cache/org.scala-lang/scala-compiler/jars/scala-compiler-2.12.10.jar" />
              <option value="file:$USER_HOME$/.ivy2/cache/org.scala-lang/scala-reflect/jars/scala-reflect-2.12.8.jar" />
              <option value="file:$USER_HOME$/.ivy2/cache/com.geirsson/metaconfig-typesafe-config_2.12/jars/metaconfig-typesafe-config_2.12-0.9.4.jar" />
              <option value="file:$USER_HOME$/.ivy2/cache/org.scalameta/scalafmt-dynamic_2.12/jars/scalafmt-dynamic_2.12-2.3.2.jar" />
              <option value="file:$USER_HOME$/.ivy2/cache/org.scalameta/scalafmt-interfaces/jars/scalafmt-interfaces-2.3.2.jar" />
              <option value="file:$USER_HOME$/.ivy2/cache/io.get-coursier/interface/jars/interface-0.0.16.jar" />
              <option value="file:$USER_HOME$/.ivy2/cache/com.typesafe/config/bundles/config-1.4.0.jar" />
              <option value="file:$USER_HOME$/.ivy2/cache/com.googlecode.java-diff-utils/diffutils/jars/diffutils-1.3.0.jar" />
              <option value="file:$USER_HOME$/.ivy2/cache/com.martiansoftware/nailgun-server/jars/nailgun-server-0.9.1.jar" />
              <option value="file:$USER_HOME$/.ivy2/cache/com.github.scopt/scopt_2.12/jars/scopt_2.12-3.7.1.jar" />
              <option value="file:$USER_HOME$/.ivy2/cache/org.scala-lang.modules/scala-xml_2.12/bundles/scala-xml_2.12-1.2.0.jar" />
            </array>
          </value>
        </entry>
        <entry key="2.7.5">
          <value>
            <array>
              <option value="file:$USER_HOME$/.ivy2/cache/org.scalameta/scalafmt-cli_2.12/jars/scalafmt-cli_2.12-2.7.5.jar" />
              <option value="file:$USER_HOME$/.ivy2/cache/org.scala-lang/scala-library/jars/scala-library-2.12.8.jar" />
              <option value="file:$USER_HOME$/.ivy2/cache/org.scalameta/scalafmt-core_2.12/jars/scalafmt-core_2.12-2.7.5.jar" />
              <option value="file:$USER_HOME$/.ivy2/cache/com.geirsson/metaconfig-core_2.12/jars/metaconfig-core_2.12-0.9.10.jar" />
              <option value="file:$USER_HOME$/.ivy2/cache/org.typelevel/paiges-core_2.12/jars/paiges-core_2.12-0.3.0.jar" />
              <option value="file:$USER_HOME$/.ivy2/cache/org.scala-lang.modules/scala-collection-compat_2.12/bundles/scala-collection-compat_2.12-2.1.2.jar" />
              <option value="file:$USER_HOME$/.ivy2/cache/com.lihaoyi/pprint_2.12/jars/pprint_2.12-0.5.9.jar" />
              <option value="file:$USER_HOME$/.ivy2/cache/com.lihaoyi/fansi_2.12/jars/fansi_2.12-0.2.9.jar" />
              <option value="file:$USER_HOME$/.ivy2/cache/com.lihaoyi/sourcecode_2.12/jars/sourcecode_2.12-0.2.1.jar" />
              <option value="file:$USER_HOME$/.ivy2/cache/org.scalameta/scalameta_2.12/jars/scalameta_2.12-4.3.22.jar" />
              <option value="file:$USER_HOME$/.ivy2/cache/org.scalameta/parsers_2.12/jars/parsers_2.12-4.3.22.jar" />
              <option value="file:$USER_HOME$/.ivy2/cache/org.scalameta/trees_2.12/jars/trees_2.12-4.3.22.jar" />
              <option value="file:$USER_HOME$/.ivy2/cache/org.scalameta/common_2.12/jars/common_2.12-4.3.22.jar" />
              <option value="file:$USER_HOME$/.ivy2/cache/org.scalameta/fastparse_2.12/jars/fastparse_2.12-1.0.1.jar" />
              <option value="file:$USER_HOME$/.ivy2/cache/org.scalameta/fastparse-utils_2.12/jars/fastparse-utils_2.12-1.0.1.jar" />
              <option value="file:$USER_HOME$/.ivy2/cache/org.scala-lang/scalap/jars/scalap-2.12.12.jar" />
              <option value="file:$USER_HOME$/.ivy2/cache/org.scala-lang/scala-compiler/jars/scala-compiler-2.12.12.jar" />
              <option value="file:$USER_HOME$/.ivy2/cache/org.scala-lang/scala-reflect/jars/scala-reflect-2.12.8.jar" />
              <option value="file:$USER_HOME$/.ivy2/cache/com.geirsson/metaconfig-typesafe-config_2.12/jars/metaconfig-typesafe-config_2.12-0.9.10.jar" />
              <option value="file:$USER_HOME$/.ivy2/cache/org.scalameta/scalafmt-dynamic_2.12/jars/scalafmt-dynamic_2.12-2.7.5.jar" />
              <option value="file:$USER_HOME$/.ivy2/cache/org.scalameta/scalafmt-interfaces/jars/scalafmt-interfaces-2.7.5.jar" />
              <option value="file:$USER_HOME$/.ivy2/cache/io.get-coursier/interface/jars/interface-0.0.17.jar" />
              <option value="file:$USER_HOME$/.ivy2/cache/com.typesafe/config/bundles/config-1.4.0.jar" />
              <option value="file:$USER_HOME$/.ivy2/cache/com.googlecode.java-diff-utils/diffutils/jars/diffutils-1.3.0.jar" />
              <option value="file:$USER_HOME$/.ivy2/cache/com.martiansoftware/nailgun-server/jars/nailgun-server-0.9.1.jar" />
              <option value="file:$USER_HOME$/.ivy2/cache/com.github.scopt/scopt_2.12/jars/scopt_2.12-3.7.1.jar" />
              <option value="file:$USER_HOME$/.ivy2/cache/org.scala-lang.modules/scala-xml_2.12/bundles/scala-xml_2.12-1.3.0.jar" />
            </array>
          </value>
        </entry>
        <entry key="3.0.0-RC1">
          <value>
            <array>
              <option value="file:$USER_HOME$/.ivy2/cache/org.scalameta/scalafmt-cli_2.12/jars/scalafmt-cli_2.12-3.0.0-RC1.jar" />
              <option value="file:$USER_HOME$/.ivy2/cache/org.scala-lang/scala-library/jars/scala-library-2.12.13.jar" />
              <option value="file:$USER_HOME$/.ivy2/cache/org.scalameta/scalafmt-core_2.12/jars/scalafmt-core_2.12-3.0.0-RC1.jar" />
              <option value="file:$USER_HOME$/.ivy2/cache/com.geirsson/metaconfig-core_2.12/jars/metaconfig-core_2.12-0.9.10.jar" />
              <option value="file:$USER_HOME$/.ivy2/cache/org.typelevel/paiges-core_2.12/jars/paiges-core_2.12-0.3.0.jar" />
              <option value="file:$USER_HOME$/.ivy2/cache/org.scala-lang.modules/scala-collection-compat_2.12/bundles/scala-collection-compat_2.12-2.1.2.jar" />
              <option value="file:$USER_HOME$/.ivy2/cache/com.lihaoyi/pprint_2.12/jars/pprint_2.12-0.5.9.jar" />
              <option value="file:$USER_HOME$/.ivy2/cache/com.lihaoyi/fansi_2.12/jars/fansi_2.12-0.2.9.jar" />
              <option value="file:$USER_HOME$/.ivy2/cache/org.scalameta/scalameta_2.12/jars/scalameta_2.12-4.4.13.jar" />
              <option value="file:$USER_HOME$/.ivy2/cache/org.scalameta/parsers_2.12/jars/parsers_2.12-4.4.13.jar" />
              <option value="file:$USER_HOME$/.ivy2/cache/org.scalameta/trees_2.12/jars/trees_2.12-4.4.13.jar" />
              <option value="file:$USER_HOME$/.ivy2/cache/org.scalameta/common_2.12/jars/common_2.12-4.4.13.jar" />
              <option value="file:$USER_HOME$/.ivy2/cache/com.lihaoyi/sourcecode_2.12/jars/sourcecode_2.12-0.2.4.jar" />
              <option value="file:$USER_HOME$/.ivy2/cache/org.scalameta/fastparse-v2_2.12/jars/fastparse-v2_2.12-2.3.1.jar" />
              <option value="file:$USER_HOME$/.ivy2/cache/com.lihaoyi/geny_2.12/jars/geny_2.12-0.6.5.jar" />
              <option value="file:$USER_HOME$/.ivy2/cache/org.scala-lang/scalap/jars/scalap-2.12.13.jar" />
              <option value="file:$USER_HOME$/.ivy2/cache/org.scala-lang/scala-compiler/jars/scala-compiler-2.12.13.jar" />
              <option value="file:$USER_HOME$/.ivy2/cache/org.scala-lang/scala-reflect/jars/scala-reflect-2.12.13.jar" />
              <option value="file:$USER_HOME$/.ivy2/cache/com.geirsson/metaconfig-typesafe-config_2.12/jars/metaconfig-typesafe-config_2.12-0.9.10.jar" />
              <option value="file:$USER_HOME$/.ivy2/cache/org.scalameta/scalafmt-dynamic_2.12/jars/scalafmt-dynamic_2.12-3.0.0-RC1.jar" />
              <option value="file:$USER_HOME$/.ivy2/cache/org.scalameta/scalafmt-interfaces/jars/scalafmt-interfaces-3.0.0-RC1.jar" />
              <option value="file:$USER_HOME$/.ivy2/cache/io.get-coursier/interface/jars/interface-0.0.17.jar" />
              <option value="file:$USER_HOME$/.ivy2/cache/com.typesafe/config/bundles/config-1.4.1.jar" />
              <option value="file:$USER_HOME$/.ivy2/cache/com.googlecode.java-diff-utils/diffutils/jars/diffutils-1.3.0.jar" />
              <option value="file:$USER_HOME$/.ivy2/cache/com.martiansoftware/nailgun-server/jars/nailgun-server-0.9.1.jar" />
              <option value="file:$USER_HOME$/.ivy2/cache/com.github.scopt/scopt_2.12/jars/scopt_2.12-4.0.1.jar" />
              <option value="file:$USER_HOME$/.ivy2/cache/org.scala-lang.modules/scala-xml_2.12/bundles/scala-xml_2.12-1.3.0.jar" />
            </array>
          </value>
        </entry>
        <entry key="3.0.4">
          <value>
            <array>
              <option value="file:$USER_HOME$/.ivy2/cache/org.scalameta/scalafmt-cli_2.12/jars/scalafmt-cli_2.12-3.0.4.jar" />
              <option value="file:$USER_HOME$/.ivy2/cache/org.scala-lang/scala-library/jars/scala-library-2.12.14.jar" />
              <option value="file:$USER_HOME$/.ivy2/cache/org.scalameta/scalafmt-core_2.12/jars/scalafmt-core_2.12-3.0.4.jar" />
              <option value="file:$USER_HOME$/.ivy2/cache/com.geirsson/metaconfig-core_2.12/jars/metaconfig-core_2.12-0.9.14.jar" />
              <option value="file:$USER_HOME$/.ivy2/cache/org.typelevel/paiges-core_2.12/jars/paiges-core_2.12-0.4.1.jar" />
              <option value="file:$USER_HOME$/.ivy2/cache/org.scala-lang.modules/scala-collection-compat_2.12/jars/scala-collection-compat_2.12-2.4.3.jar" />
              <option value="file:$USER_HOME$/.ivy2/cache/com.lihaoyi/pprint_2.12/jars/pprint_2.12-0.6.4.jar" />
              <option value="file:$USER_HOME$/.ivy2/cache/com.lihaoyi/fansi_2.12/jars/fansi_2.12-0.2.12.jar" />
              <option value="file:$USER_HOME$/.ivy2/cache/org.scalameta/scalameta_2.12/jars/scalameta_2.12-4.4.28.jar" />
              <option value="file:$USER_HOME$/.ivy2/cache/org.scalameta/parsers_2.12/jars/parsers_2.12-4.4.28.jar" />
              <option value="file:$USER_HOME$/.ivy2/cache/org.scalameta/trees_2.12/jars/trees_2.12-4.4.28.jar" />
              <option value="file:$USER_HOME$/.ivy2/cache/org.scalameta/common_2.12/jars/common_2.12-4.4.28.jar" />
              <option value="file:$USER_HOME$/.ivy2/cache/com.lihaoyi/sourcecode_2.12/jars/sourcecode_2.12-0.2.7.jar" />
              <option value="file:$USER_HOME$/.ivy2/cache/org.scalameta/fastparse-v2_2.12/jars/fastparse-v2_2.12-2.3.1.jar" />
              <option value="file:$USER_HOME$/.ivy2/cache/com.lihaoyi/geny_2.12/jars/geny_2.12-0.6.5.jar" />
              <option value="file:$USER_HOME$/.ivy2/cache/org.scala-lang/scalap/jars/scalap-2.12.15.jar" />
              <option value="file:$USER_HOME$/.ivy2/cache/org.scala-lang/scala-compiler/jars/scala-compiler-2.12.15.jar" />
              <option value="file:$USER_HOME$/.ivy2/cache/org.scala-lang/scala-reflect/jars/scala-reflect-2.12.14.jar" />
              <option value="file:$USER_HOME$/.ivy2/cache/com.geirsson/metaconfig-typesafe-config_2.12/jars/metaconfig-typesafe-config_2.12-0.9.14.jar" />
              <option value="file:$USER_HOME$/.ivy2/cache/com.typesafe/config/bundles/config-1.4.1.jar" />
              <option value="file:$USER_HOME$/.ivy2/cache/org.scalameta/scalafmt-dynamic_2.12/jars/scalafmt-dynamic_2.12-3.0.4.jar" />
              <option value="file:$USER_HOME$/.ivy2/cache/org.scalameta/scalafmt-interfaces/jars/scalafmt-interfaces-3.0.4.jar" />
              <option value="file:$USER_HOME$/.ivy2/cache/io.get-coursier/interface/jars/interface-0.0.17.jar" />
              <option value="file:$USER_HOME$/.ivy2/cache/org.scalameta/svm-subs/jars/svm-subs-101.0.0.jar" />
              <option value="file:$USER_HOME$/.ivy2/cache/com.googlecode.java-diff-utils/diffutils/jars/diffutils-1.3.0.jar" />
              <option value="file:$USER_HOME$/.ivy2/cache/com.martiansoftware/nailgun-server/jars/nailgun-server-0.9.1.jar" />
              <option value="file:$USER_HOME$/.ivy2/cache/com.github.scopt/scopt_2.12/jars/scopt_2.12-4.0.1.jar" />
              <option value="file:$USER_HOME$/.ivy2/cache/org.scala-lang.modules/scala-xml_2.12/bundles/scala-xml_2.12-1.3.0.jar" />
            </array>
          </value>
        </entry>
        <entry key="3.3.0">
          <value>
            <array>
              <option value="file:$USER_HOME$/.ivy2/cache/org.scalameta/scalafmt-cli_2.12/jars/scalafmt-cli_2.12-3.3.0.jar" />
              <option value="file:$USER_HOME$/.ivy2/cache/org.scala-lang/scala-library/jars/scala-library-2.12.15.jar" />
              <option value="file:$USER_HOME$/.ivy2/cache/org.scalameta/scalafmt-core_2.12/jars/scalafmt-core_2.12-3.3.0.jar" />
              <option value="file:$USER_HOME$/.ivy2/cache/org.scalameta/scalafmt-sysops_2.12/jars/scalafmt-sysops_2.12-3.3.0.jar" />
              <option value="file:$USER_HOME$/.ivy2/cache/org.scalameta/scalafmt-config_2.12/jars/scalafmt-config_2.12-3.3.0.jar" />
              <option value="file:$USER_HOME$/.ivy2/cache/com.geirsson/metaconfig-core_2.12/jars/metaconfig-core_2.12-0.9.15.jar" />
              <option value="file:$USER_HOME$/.ivy2/cache/org.typelevel/paiges-core_2.12/jars/paiges-core_2.12-0.4.2.jar" />
              <option value="file:$USER_HOME$/.ivy2/cache/org.scala-lang.modules/scala-collection-compat_2.12/jars/scala-collection-compat_2.12-2.5.0.jar" />
              <option value="file:$USER_HOME$/.ivy2/cache/com.lihaoyi/pprint_2.12/jars/pprint_2.12-0.6.6.jar" />
              <option value="file:$USER_HOME$/.ivy2/cache/com.lihaoyi/fansi_2.12/jars/fansi_2.12-0.2.14.jar" />
              <option value="file:$USER_HOME$/.ivy2/cache/com.lihaoyi/sourcecode_2.12/jars/sourcecode_2.12-0.2.7.jar" />
              <option value="file:$USER_HOME$/.ivy2/cache/org.scala-lang/scala-reflect/jars/scala-reflect-2.12.15.jar" />
              <option value="file:$USER_HOME$/.ivy2/cache/com.geirsson/metaconfig-typesafe-config_2.12/jars/metaconfig-typesafe-config_2.12-0.9.15.jar" />
              <option value="file:$USER_HOME$/.ivy2/cache/com.typesafe/config/bundles/config-1.4.1.jar" />
              <option value="file:$USER_HOME$/.ivy2/cache/org.scalameta/scalameta_2.12/jars/scalameta_2.12-4.4.31.jar" />
              <option value="file:$USER_HOME$/.ivy2/cache/org.scalameta/parsers_2.12/jars/parsers_2.12-4.4.31.jar" />
              <option value="file:$USER_HOME$/.ivy2/cache/org.scalameta/trees_2.12/jars/trees_2.12-4.4.31.jar" />
              <option value="file:$USER_HOME$/.ivy2/cache/org.scalameta/common_2.12/jars/common_2.12-4.4.31.jar" />
              <option value="file:$USER_HOME$/.ivy2/cache/org.scalameta/fastparse-v2_2.12/jars/fastparse-v2_2.12-2.3.1.jar" />
              <option value="file:$USER_HOME$/.ivy2/cache/com.lihaoyi/geny_2.12/jars/geny_2.12-0.6.5.jar" />
              <option value="file:$USER_HOME$/.ivy2/cache/org.scala-lang/scalap/jars/scalap-2.12.15.jar" />
              <option value="file:$USER_HOME$/.ivy2/cache/org.scala-lang/scala-compiler/jars/scala-compiler-2.12.15.jar" />
              <option value="file:$USER_HOME$/.ivy2/cache/org.scalameta/scalafmt-dynamic_2.12/jars/scalafmt-dynamic_2.12-3.3.0.jar" />
              <option value="file:$USER_HOME$/.ivy2/cache/org.scalameta/scalafmt-interfaces/jars/scalafmt-interfaces-3.3.0.jar" />
              <option value="file:$USER_HOME$/.ivy2/cache/io.get-coursier/interface/jars/interface-0.0.17.jar" />
              <option value="file:$USER_HOME$/.ivy2/cache/org.scalameta/svm-subs/jars/svm-subs-101.0.0.jar" />
              <option value="file:$USER_HOME$/.ivy2/cache/com.googlecode.java-diff-utils/diffutils/jars/diffutils-1.3.0.jar" />
              <option value="file:$USER_HOME$/.ivy2/cache/com.martiansoftware/nailgun-server/jars/nailgun-server-0.9.1.jar" />
              <option value="file:$USER_HOME$/.ivy2/cache/com.github.scopt/scopt_2.12/jars/scopt_2.12-4.0.1.jar" />
              <option value="file:$USER_HOME$/.ivy2/cache/org.scala-lang.modules/scala-xml_2.12/bundles/scala-xml_2.12-1.3.0.jar" />
            </array>
          </value>
        </entry>
        <entry key="3.7.14">
          <value>
            <array>
              <option value="file:$USER_HOME$/.ivy2/cache/org.scalameta/scalafmt-core_2.13/jars/scalafmt-core_2.13-3.7.14.jar" />
              <option value="file:$USER_HOME$/.ivy2/cache/org.scala-lang/scala-library/jars/scala-library-2.13.11.jar" />
              <option value="file:$USER_HOME$/.ivy2/cache/org.scalameta/scalafmt-sysops_2.13/jars/scalafmt-sysops_2.13-3.7.14.jar" />
              <option value="file:$USER_HOME$/.ivy2/cache/org.scala-lang.modules/scala-parallel-collections_2.13/jars/scala-parallel-collections_2.13-1.0.4.jar" />
              <option value="file:$USER_HOME$/.ivy2/cache/org.scalameta/scalafmt-config_2.13/jars/scalafmt-config_2.13-3.7.14.jar" />
              <option value="file:$USER_HOME$/.ivy2/cache/com.geirsson/metaconfig-core_2.13/jars/metaconfig-core_2.13-0.11.1.jar" />
              <option value="file:$USER_HOME$/.ivy2/cache/com.geirsson/metaconfig-pprint_2.13/jars/metaconfig-pprint_2.13-0.11.1.jar" />
              <option value="file:$USER_HOME$/.ivy2/cache/com.lihaoyi/fansi_2.13/jars/fansi_2.13-0.3.0.jar" />
              <option value="file:$USER_HOME$/.ivy2/cache/org.typelevel/paiges-core_2.13/jars/paiges-core_2.13-0.4.2.jar" />
              <option value="file:$USER_HOME$/.ivy2/cache/org.scala-lang.modules/scala-collection-compat_2.13/jars/scala-collection-compat_2.13-2.5.0.jar" />
              <option value="file:$USER_HOME$/.ivy2/cache/com.geirsson/metaconfig-typesafe-config_2.13/jars/metaconfig-typesafe-config_2.13-0.11.1.jar" />
              <option value="file:$USER_HOME$/.ivy2/cache/com.typesafe/config/bundles/config-1.4.1.jar" />
              <option value="file:$USER_HOME$/.ivy2/cache/org.scalameta/scalameta_2.13/jars/scalameta_2.13-4.8.10.jar" />
              <option value="file:$USER_HOME$/.ivy2/cache/org.scalameta/parsers_2.13/jars/parsers_2.13-4.8.10.jar" />
              <option value="file:$USER_HOME$/.ivy2/cache/org.scalameta/trees_2.13/jars/trees_2.13-4.8.10.jar" />
              <option value="file:$USER_HOME$/.ivy2/cache/org.scalameta/common_2.13/jars/common_2.13-4.8.10.jar" />
              <option value="file:$USER_HOME$/.ivy2/cache/com.lihaoyi/sourcecode_2.13/jars/sourcecode_2.13-0.3.0.jar" />
              <option value="file:$USER_HOME$/.ivy2/cache/org.scala-lang/scalap/jars/scalap-2.13.11.jar" />
              <option value="file:$USER_HOME$/.ivy2/cache/org.scala-lang/scala-compiler/jars/scala-compiler-2.13.11.jar" />
              <option value="file:$USER_HOME$/.ivy2/cache/org.scala-lang/scala-reflect/jars/scala-reflect-2.13.11.jar" />
              <option value="file:$USER_HOME$/.ivy2/cache/io.github.java-diff-utils/java-diff-utils/jars/java-diff-utils-4.12.jar" />
              <option value="file:$USER_HOME$/.ivy2/cache/org.jline/jline/jars/jline-3.22.0.jar" />
              <option value="file:$USER_HOME$/.ivy2/cache/net.java.dev.jna/jna/jars/jna-5.13.0.jar" />
            </array>
          </value>
        </entry>
        <entry key="3.7.17">
          <value>
            <array>
              <option value="file:$USER_HOME$/.ivy2/cache/org.scalameta/scalafmt-core_2.13/jars/scalafmt-core_2.13-3.7.17.jar" />
              <option value="file:$USER_HOME$/.ivy2/cache/org.scala-lang/scala-library/jars/scala-library-2.13.11.jar" />
              <option value="file:$USER_HOME$/.ivy2/cache/org.scalameta/scalafmt-sysops_2.13/jars/scalafmt-sysops_2.13-3.7.17.jar" />
              <option value="file:$USER_HOME$/.ivy2/cache/org.scala-lang.modules/scala-parallel-collections_2.13/jars/scala-parallel-collections_2.13-1.0.4.jar" />
              <option value="file:$USER_HOME$/.ivy2/cache/org.scalameta/scalafmt-config_2.13/jars/scalafmt-config_2.13-3.7.17.jar" />
              <option value="file:$USER_HOME$/.ivy2/cache/com.geirsson/metaconfig-core_2.13/jars/metaconfig-core_2.13-0.12.0.jar" />
              <option value="file:$USER_HOME$/.ivy2/cache/com.geirsson/metaconfig-pprint_2.13/jars/metaconfig-pprint_2.13-0.12.0.jar" />
              <option value="file:$USER_HOME$/.ivy2/cache/com.lihaoyi/fansi_2.13/jars/fansi_2.13-0.4.0.jar" />
              <option value="file:$USER_HOME$/.ivy2/cache/org.typelevel/paiges-core_2.13/jars/paiges-core_2.13-0.4.3.jar" />
              <option value="file:$USER_HOME$/.ivy2/cache/org.scala-lang.modules/scala-collection-compat_2.13/jars/scala-collection-compat_2.13-2.11.0.jar" />
              <option value="file:$USER_HOME$/.ivy2/cache/com.geirsson/metaconfig-typesafe-config_2.13/jars/metaconfig-typesafe-config_2.13-0.12.0.jar" />
              <option value="file:$USER_HOME$/.ivy2/cache/com.typesafe/config/bundles/config-1.4.1.jar" />
              <option value="file:$USER_HOME$/.ivy2/cache/org.scalameta/scalameta_2.13/jars/scalameta_2.13-4.8.14.jar" />
              <option value="file:$USER_HOME$/.ivy2/cache/org.scalameta/parsers_2.13/jars/parsers_2.13-4.8.14.jar" />
              <option value="file:$USER_HOME$/.ivy2/cache/org.scalameta/trees_2.13/jars/trees_2.13-4.8.14.jar" />
              <option value="file:$USER_HOME$/.ivy2/cache/org.scalameta/common_2.13/jars/common_2.13-4.8.14.jar" />
              <option value="file:$USER_HOME$/.ivy2/cache/com.lihaoyi/sourcecode_2.13/jars/sourcecode_2.13-0.3.1.jar" />
              <option value="file:$USER_HOME$/.ivy2/cache/org.scala-lang/scalap/jars/scalap-2.13.12.jar" />
              <option value="file:$USER_HOME$/.ivy2/cache/org.scala-lang/scala-compiler/jars/scala-compiler-2.13.12.jar" />
              <option value="file:$USER_HOME$/.ivy2/cache/io.github.java-diff-utils/java-diff-utils/jars/java-diff-utils-4.12.jar" />
              <option value="file:$USER_HOME$/.ivy2/cache/org.jline/jline/jars/jline-3.22.0.jar" />
              <option value="file:$USER_HOME$/.ivy2/cache/net.java.dev.jna/jna/jars/jna-5.13.0.jar" />
              <option value="file:$USER_HOME$/.ivy2/cache/org.scalameta/mdoc-parser_2.13/jars/mdoc-parser_2.13-2.5.0.jar" />
              <option value="file:$USER_HOME$/.ivy2/cache/org.scala-lang/scala-reflect/jars/scala-reflect-2.13.11.jar" />
            </array>
          </value>
        </entry>
      </map>
    </option>
  </component>
</application>