<keymap version="1" name="macOS copy" parent="Mac OS X 10.5+">
  <action id="ActivateBuildToolWindow">
    <keyboard-shortcut first-keystroke="alt b" />
  </action>
  <action id="ActivatesbtToolWindow">
    <keyboard-shortcut first-keystroke="alt s" />
  </action>
  <action id="Annotate">
    <keyboard-shortcut first-keystroke="ctrl alt a" />
  </action>
  <action id="Debug" />
  <action id="Git.CompareWithBranch">
    <keyboard-shortcut first-keystroke="alt d" />
  </action>
  <action id="MoveTabDown">
    <keyboard-shortcut first-keystroke="ctrl meta down" />
  </action>
  <action id="MoveTabRight">
    <keyboard-shortcut first-keystroke="ctrl meta right" />
  </action>
  <action id="Run">
    <keyboard-shortcut first-keystroke="ctrl r" />
    <keyboard-shortcut first-keystroke="alt r" />
  </action>
  <action id="Scala.ShowImplicits">
    <keyboard-shortcut first-keystroke="shift ctrl alt equals" />
    <keyboard-shortcut first-keystroke="shift ctrl alt add" />
  </action>
</keymap>